id,first_name,last_name,job_title,email,company_name
1,Dorelle,Lawn,Quality Control Specialist,dlawn0@google.nl,Kwilith
2,Marika,McAdam,Structural Engineer,mmcadam1@ucoz.ru,Izio
3,Octavius,Stedall,Media Manager II,ostedall2@spotify.com,Skinder
4,Elvina,Wilstead,Data Coordiator,ewilstead3@google.cn,Voonyx
5,Elden,Shreeves,Environmental Specialist,eshreeves4@bloomberg.com,Jatri
6,Boone,Hartill,Quality Control Specialist,bhartill5@berkeley.edu,Skinix
7,Faina,Turneaux,Sales Associate,fturneaux6@youku.com,Aivee
8,Alverta,Pistol,Associate Professor,apistol7@ucoz.com,Realbridge
9,Christabella,Enderle,Graphic Designer,cenderle8@over-blog.com,Aimbu
10,Benyamin,Lovejoy,Dental Hygienist,blovejoy9@tmall.com,Livetube
11,Joice,Nickels,VP Accounting,jnickelsa@people.com.cn,Muxo
12,Blancha,Haynes,Developer I,bhaynesb@reddit.com,Oyondu
13,Brianne,Egar,Marketing Assistant,begarc@europa.eu,Mybuzz
14,Anatole,Patrick,Staff Accountant IV,apatrickd@behance.net,Kaymbo
15,Belle,Kirwin,Assistant Media Planner,bkirwine@virginia.edu,Voonte
16,Evangelin,McMychem,Operator,emcmychemf@dagondesign.com,Mynte
17,Lotti,Matthaus,Payment Adjustment Coordinator,lmatthausg@angelfire.com,Tagchat
18,Shell,McGuinley,Executive Secretary,smcguinleyh@si.edu,Skidoo
19,Wally,Pfeffer,Business Systems Development Analyst,wpfefferi@canalblog.com,Tazz
20,Rosemonde,Hartshorne,Web Developer I,rhartshornej@flickr.com,Skippad
21,Smith,MacPeice,Account Coordinator,smacpeicek@adobe.com,Demizz
22,Sheppard,Treverton,Senior Developer,strevertonl@360.cn,Feedfire
23,Doretta,Brunsden,Professor,dbrunsdenm@sina.com.cn,Jabbercube
24,Isidro,Peebles,Software Test Engineer IV,ipeeblesn@creativecommons.org,Kazu
25,Dillie,Hansemann,Assistant Manager,dhansemanno@dailymail.co.uk,Thoughtsphere
26,Lucho,Fesby,Developer IV,lfesbyp@netvibes.com,Pixope
27,Morton,Handaside,Accounting Assistant III,mhandasideq@reverbnation.com,Meevee
28,Moses,Rawes,Design Engineer,mrawesr@google.cn,Flipopia
29,Vincenz,Stuckes,Associate Professor,vstuckess@gov.uk,Photolist
30,Alard,Bussey,Actuary,abusseyt@naver.com,Rhyloo
31,Cheslie,Milborn,Product Engineer,cmilbornu@xing.com,Einti
32,Stephani,Courage,Staff Accountant II,scouragev@squidoo.com,Thoughtstorm
33,Shane,McPhillips,Chief Design Engineer,smcphillipsw@yahoo.com,Centidel
34,Isadora,Purcer,Project Manager,ipurcerx@hao123.com,Babbleset
35,Andris,Dingivan,Actuary,adingivany@nba.com,Demivee
36,See,Ramshaw,Statistician II,sramshawz@smh.com.au,Brightdog
37,Janella,Waddoups,Environmental Specialist,jwaddoups10@mapquest.com,Feedfire
38,Lianne,Grigoryev,Statistician III,lgrigoryev11@wordpress.org,Devify
39,Kiersten,Manginot,Media Manager III,kmanginot12@odnoklassniki.ru,Wikizz
40,Allyson,Gloyens,Tax Accountant,agloyens13@goodreads.com,Eazzy
41,Siusan,Adriaens,Administrative Officer,sadriaens14@acquirethisname.com,Dabjam
42,Artemus,Moscrop,Biostatistician I,amoscrop15@netvibes.com,Edgeclub
43,Toddie,McCrossan,Quality Control Specialist,tmccrossan16@symantec.com,Roomm
44,Hillery,Bogays,Dental Hygienist,hbogays17@google.it,Babblestorm
45,Bone,Sunock,Payment Adjustment Coordinator,bsunock18@4shared.com,Oyoyo
46,Olivette,Blakiston,Staff Accountant II,oblakiston19@miibeian.gov.cn,Gigaclub
47,Booth,Lassey,Accounting Assistant III,blassey1a@1und1.de,Katz
48,Emmaline,Hegge,Cost Accountant,ehegge1b@theglobeandmail.com,Katz
49,Felicia,Heikkinen,Financial Analyst,fheikkinen1c@wisc.edu,Topicware
50,Heath,Lanchbery,Cost Accountant,hlanchbery1d@furl.net,Edgeclub
